{
    "camera_matrix": [
      [568.20791041, 0.0, 341.37830129],
      [0.0, 569.81774569, 238.05524919],
      [0.0, 0.0, 1.0]
    ],
    "distortion_matrix": [
      [0.08705563,  0.10725078, -0.01064468,  0.01151696, -0.33419273]
    ]
  }